Continent,INDUSTRY SECTOR,COUNTRY HEADQUARTERS,Company,Acquisitions,Acquisitions with threshold 0.5,Business Services,Business services with threshold,Accelerators & Incubators,Accelerators & Incubators with threshold,Venture Building,Venture Building with threshold,Workspace,Workspace with threshold,Mentorship,Mentorship with threshold,Events,Events with threshold,Clienting,Clienting with threshold,CVCGPT,CVC,CVC Check,CVC with threshold,industry_new,
Australia,Banking,Australia,ANZ,0,0,0.95,1,0,0,0,0,0,0,0,0,0,0,0,0,0,0,1,0,Financial,
Australia,Materials,Australia,BHP Group Ltd,0,0,0.7,1,0.95,1,0,0,0.9,1,0.7,1,0.9,1,0.5,0,1,0,1,0,Manufacturing,
Australia,Banking,Australia,Commonwealth Bank,0,0,0.7,1,0.9,1,0.9,1,0.8,1,0.6,1,0.9,1,0.9,1,1,0,1,0,Financial,
Australia,Drugs & Biotechnology,Australia,CSL,0,0,0,0,0.95,1,0,0,0.8,1,0,0,0,0,0.6,1,1,0,1,0,Pharma + Healthcare,
Australia,Materials,Australia,Fortescue Metals Group,0,0,0,0,0.9,1,0,0,0,0,0,0,0,0,0,0,0,0,1,0,Manufacturing,
Australia,Diversified Financials,Australia,Macquarie Group,0,0,0.7,1,0.9,1,0,0,0,0,0.9,1,0,0,0.8,1,1,0,1,0,Financial,
Australia,Banking,Australia,NAB - National Australia Bank,0,0,0.8,1,0,0,0,0,0,0,0,0,0,0,0,0,1,0,1,0,Financial,
Australia,Banking,Australia,Westpac Banking Group,0,0,0.8,1,0.9,1,0,0,0.9,1,0.8,1,0.8,1,0.9,1,1,0,1,0,Financial,
Australia,Oil & Gas Operations,Australia,Woodside Energy Group,0,0,0,0,0.9,1,0,0,0,0,0,0,0,0,0,0,,0.95,0,1,Energy & Utilities,
Europe,Banking,Austria,Erste Group Bank,0,0,1,1,0.9,1,0,0,0,0,0.9,1,0,0,0,0,1,0,0,0,Financial,
Europe,Oil & Gas Operations,Austria,OMV Group,0,0,0,0,0.8,1,0,0,0.7,1,0,0,0,0,0,0,0,0,0,0,Energy & Utilities,
Europe,"Food, Drink & Tobacco",Belgium,Anheuser-Busch InBev,0,0,0.7,1,0.95,1,0,0,0.8,1,0.8,1,0.8,1,0.7,1,,0.6,1,1,Retail & Trading,
Europe,Banking,Belgium,KBC Group,0,0,0,0,0.95,1,0,0,0,0,0.7,1,0.9,1,0,0,,0.7,1,1,Financial,
South America,Banking,Brazil,Banco Bradesco,0.95,1,1,1,0.9,1,0,0,0.8,1,0.95,1,0.95,1,0.7,1,,1,1,1,Financial,
South America,Diversified Financials,Brazil,Banco Btg Pactual,0,0,0.95,1,0.95,1,0,0,0,0,0.95,1,0,0,0,0,,0.95,0,1,Financial,
South America,Banking,Brazil,Banco do Brasil,0,0,0,0,0,0,0,0,0,0,0,0,0,0,0,0,1,0,1,0,Financial,
South America,Banking,Brazil,Itaú Unibanco Holding,0,0,0,0,0.7,1,0,0,0,0,0.6,1,0.5,0,0.8,1,1,0,1,0,Financial,
South America,Oil & Gas Operations,Brazil,Petrobras,0.95,1,0,0,0.95,1,0.9,1,0.6,1,0.8,1,0,0,0,0,,0.8,1,1,Energy & Utilities,
South America,Materials,Brazil,Vale,0,0,0.6,1,0.95,1,0.8,1,0,0,0.8,1,0.9,1,0,0,,0.8,1,1,Manufacturing,
North America,Banking,Canada,Bank of Montreal,0,0,1,1,0.95,1,0,0,0,0,0.8,1,0.8,1,0,0,1,0,0,0,Financial,
North America,Banking,Canada,Bank of Nova Scotia,0,0,1,1,0.9,1,0,0,0,0,0.8,1,0.9,1,0.7,1,,0.7,0,1,Financial,
North America,Telecommunications Services,Canada,BCE,0.95,1,0.9,1,0.9,1,0,0,0.9,1,0.8,1,0.9,1,0.9,1,,0.9,1,1,Technology,
North America,Diversified Financials,Canada,Brookfield Corporation,0,0,0,0,0,0,0.95,1,0,0,0,0,0,0,0,0,1,0,1,0,Financial,
North America,Banking,Canada,Canadian Imperial Bank,0,0,0.95,1,0.8,1,0,0,0,0,0.8,1,0.8,1,0,0,0,0,0,0,Financial,
North America,Transportation,Canada,Canadian National Railway,0,0,0,0,0,0,0,0,0,0,0,0,0,0,0,0,0,0,0,0,Transportation,
North America,Oil & Gas Operations,Canada,Canadian Natural Resources,0,0,0,0,0,0,0,0,0,0,0,0,0.7,1,0,0,,0.6,0,1,Energy & Utilities,
North America,Oil & Gas Operations,Canada,Cenovus Energy,0,0,0,0,0.9,1,0,0,0,0,0.7,1,0,0,0,0,0,0,1,0,Energy & Utilities,
North America,Retailing,Canada,Couche Tard,0.95,1,0,0,0,0,0,0,0,0,0,0,0,0,0,0,0,0,1,0,Retail & Trading,
North America,Oil & Gas Operations,Canada,Enbridge,0,0,0,0,0,0,0,0,0,0,0,0,0,0,0,0,,0.7,0,1,Energy & Utilities,
North America,Insurance,Canada,Fairfax Financial,0,0,0,0,0,0,0,0,0,0,0,0,0,0,0,0,1,0,1,0,Financial,
North America,Food Markets,Canada,George Weston,0,0,0,0,0,0,0,0,0,0,0,0,0,0,0,0,0,0,0,0,Retail & Trading,
North America,Insurance,Canada,Intact Financial,0.95,1,0,0,0,0,0,0,0,0,0,0,0,0,0,0,1,0,1,0,Financial,
North America,Insurance,Canada,Manulife,0,0,0,0,0.9,1,0.8,1,0.7,1,0.6,1,0.7,1,0,0,,0.9,0,1,Financial,
North America,Banking,Canada,National Bank of Canada,0,0,0.9,1,0.95,1,0,0,0.9,1,0.9,1,0.7,1,0.6,1,,0.9,1,1,Financial,
North America,Chemicals,Canada,Nutrien,0,0,0,0,0,0,0,0,0.8,1,0.6,1,0.8,1,0.7,1,,0.95,0,1,Manufacturing,
North America,Insurance,Canada,Power Corp of Canada,0.95,1,0,0,0,0,0,0,0,0,0,0,0,0,0,0,,0.8,1,1,Financial,
North America,Banking,Canada,RBC,0,0,1,1,0.9,1,0,0,0,0,0.9,1,0,0,0.8,1,1,0,1,0,Financial,
North America,Insurance,Canada,Sun Life Financial,0.95,1,0,0,0.7,1,0,0,0.9,1,0.6,1,0,0,0.7,1,0,0,0,0,Financial,
North America,Oil & Gas Operations,Canada,Suncor Energy,0,0,0,0,0.6,1,0,0,0,0,0,0,0.8,1,0.9,1,0,0,0,0,Energy & Utilities,
North America,Oil & Gas Operations,Canada,TC Energy,0,0,0,0,0,0,0,0,0,0,0,0,0,0,0.4,0,0,0,0,0,Energy & Utilities,
North America,Banking,Canada,TD Bank Group,0,0,0.95,1,0.9,1,0,0,0,0,0.8,1,0.8,1,0.8,1,,0.7,0,1,Financial,
Asia,Banking,China,Agricultural Bank of China,0,0,1,1,0,0,0,0,0,0,0,0,0,0,0,0,,0.6,0,1,Financial,
Asia,Retailing,China,Alibaba Group,0,0,0.95,1,0.9,1,0,0,0,0,0,0,0.8,1,0.7,1,,0.7,0,1,Retail & Trading,
Asia,IT Software & Services,China,Baidu,0.95,1,0,0,0,0,0,0,0,0,0,0,0,0,0,0,,0.7,1,1,Technology,
Asia,Banking,China,Bank of Beijing,0,0,0.95,1,0.8,1,0,0,0,0,0.6,1,0,0,0,0,0,0,0,0,Financial,
Asia,Banking,China,Bank of China,0,0,0.9,1,0.7,1,0,0,0,0,0,0,0,0,0,0,,0.6,0,1,Financial,
Asia,Banking,China,Bank of Communications,0,0,0.9,1,0,0,0,0,0,0,0,0,0,0,0,0,1,0,0,0,Financial,
Asia,Banking,China,Bank Of Jiangsu,0,0,0.95,1,0,0,0,0,0,0,0.6,1,0.7,1,0,0,0,0,0,0,Financial,
Asia,Banking,China,Bank of Nanjing,0,0,0.95,1,0,0,0,0,0,0,0.6,1,0.9,1,0,0,0,0,0,0,Financial,
Asia,Banking,China,Bank of Ningbo,0,0,0,0,0,0,0,0,0,0,0,0,0,0,0,0,0,0,0,0,Financial,
Asia,Banking,China,Bank Of Shanghai,0,0,0,0,0,0,0,0,0,0,0,0,0,0,0,0,0,0,0,0,Financial,
Asia,Materials,China,Baoshan Iron & Steel,0,0,0,0,0,0,0.95,1,0,0,0,0,0,0,0,0,0,0,0,0,Manufacturing,
Asia,Consumer Durables,China,BYD,0,0,0,0,0,0,0,0,0,0,0,0,0,0,0,0,0,0,0,0,Manufacturing,
Asia,Banking,China,China Citic Bank,0,0,0.95,1,0,0,0,0,0,0,0,0,0,0,0,0,,0.6,0,1,Financial,
Asia,Materials,China,China Coal Energy,0,0,0,0,0.6,1,0,0,0,0,0,0,0.8,1,0,0,0,0,0,0,Manufacturing,
Asia,Construction,China,China Communications Construction,0.8,1,0,0,0,0,1,1,0,0,0,0,0,0,0,0,1,0,0,0,Construction,
Asia,Banking,China,China Construction Bank,0,0,0.95,1,0.95,1,0,0,0.6,1,0,0,0.9,1,0,0,,0.7,0,1,Financial,
Asia,Banking,China,China Everbright Bank,0,0,0,0,0,0,0,0,0,0,0,0,0,0,0,0,0,0,0,0,Financial,
Asia,Insurance,China,China Life Insurance,0,0,0,0,0,0,0,0,0,0,0,0,0,0,0,0,0,0,0,0,Financial,
Asia,Banking,China,China Merchants Bank,0,0,0.95,1,0,0,0,0,0,0,0,0,0,0,0.6,1,,0.8,1,1,Financial,
Asia,Banking,China,China Minsheng Bank,0,0,0.95,1,0.8,1,0,0,0,0,0,0,0,0,0,0,0,0,1,0,Financial,
Asia,Insurance,China,China Pacific Insurance,0.6,1,0.7,1,0.7,1,0,0,0,0,0,0,0,0,0,0,,0.8,0,1,Financial,
Asia,Construction,China,China Railway Construction,0,0,0,0,0,0,0.95,1,0,0,0,0,0,0,0,0,1,0,0,0,Construction,
Asia,Construction,China,China Railway Group,0,0,0,0,0,0,1,1,0,0,0,0,0,0,0,0,1,0,0,0,Construction,
Asia,Materials,China,China Shenhua Energy,0,0,0,0,0,0,0,0,0,0,0,0,0,0,0,0,1,0,0,0,Manufacturing,
Asia,Construction,China,China State Construction Engineering,0,0,0,0,0,0,0,0,0,0,0,0,0,0,0,0,1,0,0,0,Construction,
Asia,Telecommunications Services,China,China Telecom,0,0,0,0,0.9,1,0,0,0,0,0,0,0,0,0,0,0,0,0,0,Technology,
Asia,Construction,China,China Vanke,0,0,0,0,0.9,1,1,1,0,0,0,0,0,0,0,0,1,0,0,0,Construction,
Asia,Utilities,China,China Yangtze Power,0,0,0,0,0.8,1,0,0,0,0,0.7,1,0,0,0,0,0,0,0,0,Energy & Utilities,
Asia,Diversified Financials,China,Citic Securities,0.8,1,0.6,1,0.8,1,0,0,0,0,0,0,0,0,0,0,,0.7,0,1,Financial,
Asia,Capital Goods,China,Contemporary Amperex Technology,0,0,0,0,0,0,0,0,0,0,0,0,0,0,0.7,1,0,0,0,0,Manufacturing,
Asia,Transportation,China,Cosco Shipping,0,0,0,0,0,0,0,0,0,0,0,0,0,0,0,0,0,0,0,0,Transportation,
Asia,Capital Goods,China,CRRC,0.8,1,0,0,0,0,0,0,0,0,0,0,0,0,0,0,0,0,0,0,Manufacturing,
Asia,Capital Goods,China,Gree Electric Appliances,0,0,0,0,0,0,0,0,0,0,0,0,0,0,0,0,0,0,0,0,Manufacturing,
Asia,Consumer Durables,China,Haier Smart Home,0,0,1,1,0.8,1,0,0,0,0,0.8,1,0.7,1,0,0,1,0,1,0,Manufacturing,
Asia,Banking,China,Huaxia Bank,0,0,0.9,1,0.9,1,0,0,0,0,0,0,0.6,1,0,0,0,0,0,0,Financial,
Asia,Banking,China,ICBC,0,0,0.8,1,0,0,0,0,0,0,0,0,0.7,1,0,0,1,0,0,0,Financial,
Asia,Banking,China,Industrial Bank,0,0,0.95,1,0.8,1,0,0,0,0,0,0,0,0,0,0,0,0,0,0,Financial,
Asia,Retailing,China,JD.com,0,0,0,0,0.9,1,0.95,1,0,0,0,0,0,0,0,0,1,0,0,0,Retail & Trading,
Asia,"Food, Drink & Tobacco",China,Kweichow Moutai,0,0,0,0,0,0,0,0,0,0,0,0,0,0,0,0,0,0,0,0,Retail & Trading,
Asia,Construction,China,Longfor Group Holdings,0,0,0,0,0,0,0,0,0,0,0,0,0,0,0,0,0,0,0,0,Construction,
Asia,Consumer Durables,China,Midea Group,0.95,1,0,0,0,0,0,0,0,0,0,0,0,0,0,0,1,0,1,0,Manufacturing,
Asia,IT Software & Services,China,NetEase,0.95,1,0,0,0,0,0,0,0,0,0,0,0,0,0,0,,0.8,1,1,Technology,
Asia,Insurance,China,New China Life Insurance,0,0,0,0,0,0,0,0,0,0,0,0,0,0,0,0,0,0,0,0,Financial,
Asia,Oil & Gas Operations,China,PetroChina,0,0,0,0,0,0,0,0,0,0,0,0,0,0,0,0,0,0,0,0,Energy & Utilities,
Asia,Insurance,China,PICC,0,0,0.95,1,0,0,0,0,0,0,0,0,0,0,0,0,0,0,0,0,Financial,
Asia,Insurance,China,Ping An Insurance Group,0,0,0.8,1,0.9,1,0,0,0,0,0.5,0,0,0,0.8,1,1,0,1,0,Financial,
Asia,Construction,China,Poly Developments & Holdings Group,0,0,0,0,0,0,0,0,0,0,0,0,0,0,0,0,0,0,1,0,Construction,
Asia,Banking,China,Postal Savings Bank Of China (PSBC),0,0,0.95,1,0.8,1,0,0,0,0,0.6,1,0,0,0.8,1,,0.7,0,1,Financial,
Asia,Construction,China,Power Construction Corporation of China,0,0,0,0,0,0,0,0,0,0,0,0,0,0,0,0,0,0,0,0,Construction,
Asia,Transportation,China,S.F. Holding,0.9,1,0,0,0.9,1,1,1,0,0,0,0,0,0,0,0,1,0,0,0,Transportation,
Asia,Consumer Durables,China,SAIC Motor,0,0,0,0,0.9,1,0.9,1,0.8,1,0,0,0,0,0,0,,0.9,1,1,Manufacturing,
Asia,Materials,China,Shaanxi Coal Industry,0,0,0,0,0,0,0,0,0,0,0,0,0,0,0,0,0,0,0,0,Manufacturing,
Asia,Banking,China,Shanghai Pudong Development,0,0,0.7,1,0.8,1,0,0,0,0,0,0,0,0,0,0,0,0,0,0,Financial,
Asia,Oil & Gas Operations,China,Sinopec,0,0,0,0,0.9,1,0,0,0,0,0,0,0,0,0,0,1,0,1,0,Energy & Utilities,
Asia,IT Software & Services,China,Tencent Holdings,0,0,0,0,0.7,1,0,0,0,0,0.8,1,0,0,0,0,1,0,1,0,Technology,
Asia,"Food, Drink & Tobacco",China,Tongwei,0,0,0,0,0,0,0,0,0,0,0,0,0,0,0,0,0,0,0,0,Retail & Trading,
Asia,Chemicals,China,Wanhua Chemical Group,0,0,0,0,0,0,0,0,0,0,0,0,0,0,0,0,0,0,0,0,Manufacturing,
Asia,Materials,China,Yankuang Energy Group,0,0,0,0,0,0,0,0,0,0,0,0,0,0,0,0,0,0,0,0,Manufacturing,
Asia,Materials,China,Zijin Mining Group,0,0,0,0,0,0,0,0,0,0,0,0,0,0,0,0,0,0,0,0,Manufacturing,
South America,Oil & Gas Operations,Colombia,Ecopetrol,0,0,0,0,0,0,0,0,0,0,0,0,0,0,0,0,0,0,0,0,Energy & Utilities,
Europe,Utilities,Czech Republic,CEZ Group,0,0,0,0,0.8,1,1,1,0,0,0,0,0,0,0.7,1,,0.9,1,1,Energy & Utilities,
Europe,Transportation,Denmark,DSV Panalpina,0,0,0,0,0,0,0,0,0,0,0,0,0,0,0.6,1,0,0,0,0,Transportation,
Europe,Transportation,Denmark,Møller-Maersk,0,0,0.9,1,0.9,1,0,0,0.8,1,0.6,1,0.8,1,0.6,1,1,0,1,0,Transportation,
Europe,Drugs & Biotechnology,Denmark,Novo Nordisk,0,0,0,0,0.9,1,0,0,0.7,1,0,0,0,0,0,0,1,0,1,0,Pharma + Healthcare,
Europe,Utilities,Denmark,Orsted,0,0,0,0,0.8,1,0.8,1,0,0,0,0,0,0,0,0,1,0,1,0,Energy & Utilities,
Europe,Technology Hardware & Equipment,Finland,Nokia,0,0,0.7,1,0.9,1,0.9,1,0.9,1,0.9,1,0.8,1,0.7,1,1,0,1,0,Technology,
Europe,Banking,Finland,Nordea Bank,0,0,0.8,1,0.9,1,0,0,0,0,0.9,1,0.9,1,0.7,1,,0.8,1,1,Financial,
Europe,Chemicals,France,Air Liquide,1,1,0.7,1,0.95,1,0,0,0.8,1,0.8,1,0.7,1,0.6,1,,0.9,1,1,Manufacturing,
Europe,Aerospace & Defense,France,AIRBUS,0,0,0.8,1,1,1,0.8,1,0.8,1,0.8,1,0.9,1,0.9,1,1,0,1,0,Manufacturing,
Europe,Insurance,France,AXA Group,0.95,1,0.8,1,0.9,1,0.9,1,0.8,1,0.9,1,0.9,1,0.9,1,,0.9,1,1,Financial,
Europe,Banking,France,BNP Paribas,0,0,1,1,0.95,1,0,0,0.9,1,0.8,1,0.9,1,0.7,1,,0.7,0,1,Financial,
Europe,Retailing,France,Carrefour,0,0,0.8,1,0.8,1,0,0,0,0,0,0,0,0,0,0,1,0,1,0,Retail & Trading,
Europe,Banking,France,Credit Agricole,0,0,0,0,0,0,0,0,0,0,0,0,0,0,0,0,1,0,0,0,Financial,
Europe,"Food, Drink & Tobacco",France,Danone,0,0,0.6,1,0.9,1,0,0,0,0,0.7,1,0.9,1,0.8,1,,0.95,1,1,Retail & Trading,
Europe,Utilities,France,EDF,0,0,0,0,0,0,0,0,0,0,0,0,0,0,0,0,1,0,1,0,Energy & Utilities,
Europe,Utilities,France,ENGIE,0.95,1,0.9,1,0.9,1,0,0,0.7,1,0,0,0.6,1,0.6,1,,0.9,1,1,Energy & Utilities,
Europe,Health Care Equipment & Services,France,EssilorLuxottica,0.95,1,0,0,0,0,0,0,0,0,0.6,1,0,0,0,0,,0.7,0,1,Pharma + Healthcare,
Europe,Household & Personal Products,France,Kering,0.9,1,0.9,1,0.9,1,0,0,0.7,1,0.9,1,0.9,1,0.7,1,,0.9,1,1,Retail & Trading,
Europe,Household & Personal Products,France,L'Oréal,0.9,1,0.8,1,0.9,1,0.9,1,0.7,1,0.8,1,0.9,1,0.6,1,,0.9,1,1,Retail & Trading,
Europe,Household & Personal Products,France,LVMH Moët Hennessy Louis Vuitton,0,0,0.8,1,0.9,1,0.8,1,0.9,1,0.9,1,0.9,1,0.8,1,1,0,1,0,Retail & Trading,
Europe,Consumer Durables,France,Michelin Group,0.95,1,0,0,0.95,1,0,0,0,0,0,0,0.8,1,0,0,,0.9,1,1,Manufacturing,
Europe,Telecommunications Services,France,Orange,0.8,1,0.8,1,0.9,1,0,0,0.7,1,0.8,1,0.8,1,0.8,1,,0.7,1,1,Technology,
Europe,"Food, Drink & Tobacco",France,Pernod Ricard,0.9,1,0.6,1,0.9,1,0,0,0.7,1,0.8,1,0.7,1,0.9,1,,0.9,1,1,Retail & Trading,
Europe,Construction,France,Saint-Gobain,0,0,0,0,0.9,1,0,0,0,0,0,0,0.3,0,0.8,1,,0.9,1,1,Construction,
Europe,Drugs & Biotechnology,France,Sanofi,0,0,0.7,1,0.95,1,0.95,1,0.8,1,0,0,0.9,1,0.6,1,,0.3,1,0,Pharma + Healthcare,
Europe,Capital Goods,France,Schneider Electric,0.9,1,0.7,1,0.9,1,0.9,1,0,0,0.8,1,0.8,1,0.8,1,,0.95,1,1,Manufacturing,
Europe,Banking,France,Société Générale,1,1,0.8,1,0.9,1,0.9,1,0.9,1,0.7,1,0.9,1,0.9,1,,0.9,1,1,Financial,
Europe,Oil & Gas Operations,France,TotalEnergies,0.9,1,1,1,0.95,1,0.95,1,0,0,0.8,1,0.95,1,0.7,1,,0.8,1,1,Energy & Utilities,
Europe,Utilities,France,Veolia Environnement,0,0,0.7,1,0.95,1,0,0,0.7,1,0.7,1,0.8,1,0.8,1,0,0,1,0,Energy & Utilities,
Europe,Construction,France,VINCI,0,0,0.8,1,0.9,1,0,0,0.9,1,0.7,1,0.8,1,0.6,1,,0.9,1,1,Construction,
Europe,Insurance,Germany,Allianz,0.8,1,0.7,1,0.9,1,0.9,1,0.7,1,0.8,1,0.9,1,0.9,1,,0.9,1,1,Financial,
Europe,Chemicals,Germany,BASF,0.7,1,0.9,1,0.9,1,0.9,1,0.9,1,0.8,1,0.9,1,0.8,1,,0.9,1,1,Manufacturing,
Europe,Drugs & Biotechnology,Germany,Bayer,0.9,1,0.7,1,0.9,1,0.9,1,0.9,1,0.8,1,0.9,1,0.8,1,,0.8,1,1,Pharma + Healthcare,
Europe,Consumer Durables,Germany,BMW Group,0,0,0.7,1,0.9,1,0,0,0.7,1,0,0,0.7,1,0.9,1,,0.9,1,1,Manufacturing,
Europe,Banking,Germany,Commerzbank,0,0,0.7,1,0.95,1,0,0,0.8,1,0,0,0.7,1,0.7,1,,0.95,1,1,Financial,
Europe,Consumer Durables,Germany,Daimler Truck Holding,0.95,1,0.8,1,0,0,1,1,0,0,0,0,0,0,0,0,,0.6,0,1,Manufacturing,
Europe,Diversified Financials,Germany,Deutsche Bank,0,0,0.9,1,0.9,1,0,0,0.9,1,0.9,1,0.9,1,0.9,1,,0.7,1,1,Financial,
Europe,Transportation,Germany,Deutsche Post,0,0,0.8,1,0.9,1,0.8,1,0.7,1,0,0,0,0,0.8,1,1,0,0,0,Transportation,
Europe,Telecommunications Services,Germany,Deutsche Telekom,0.9,1,0,0,0.8,1,0,0,0.7,1,0,0,0.8,1,0.8,1,,0.7,1,1,Technology,
Europe,Utilities,Germany,E.ON,0,0,0.6,1,0.95,1,0.9,1,0,0,0.7,1,0.8,1,0.8,1,,0.8,0,1,Energy & Utilities,
Europe,Utilities,Germany,EnBW-Energie Baden,0,0,0.6,1,0.9,1,0.9,1,0,0,0.9,1,0.9,1,0.7,1,,0.8,1,1,Energy & Utilities,
Europe,Health Care Equipment & Services,Germany,Fresenius,0,0,0.6,1,0.9,1,0,0,0,0,0,0,0.7,1,0,0,,0.8,1,1,Pharma + Healthcare,
Europe,Household & Personal Products,Germany,Henkel,0.8,1,0.9,1,0.9,1,0,0,0.8,1,0.7,1,0.9,1,0.8,1,,0.95,1,1,Retail & Trading,
Europe,Semiconductors,Germany,Infineon Technologies,0,0,0.9,1,0,0,0,0,0.9,1,0.5,0,0.9,1,0.8,1,1,0,1,0,Technology,
Europe,Consumer Durables,Germany,Mercedes-Benz Group,0,0,0.9,1,0.9,1,1,1,0.9,1,0.7,1,0,0,0.9,1,,0.7,1,1,Manufacturing,
Europe,Drugs & Biotechnology,Germany,"Merck KGaA, Darmstadt, Germany and its affiliates",0,0,0.8,1,1,1,1,1,0.9,1,0.9,1,0.9,1,0.8,1,,0.6,1,1,Pharma + Healthcare,
Europe,Insurance,Germany,Munich Re,0.8,1,0.7,1,0.95,1,0,0,0.8,1,0.8,1,0.9,1,0.8,1,,0.95,1,1,Financial,
Europe,Consumer Durables,Germany,Porsche Automobil Holding,0,0,0,0,0,0,0.95,1,0,0,0,0,0,0,0,0,1,0,1,0,Manufacturing,
Europe,Utilities,Germany,RWE Group,0,0,0.8,1,0.9,1,0.9,1,0,0,0,0,0.7,1,0,0,1,0,1,0,Energy & Utilities,
Europe,IT Software & Services,Germany,SAP,0.8,1,0.9,1,0.9,1,0,0,0.9,1,0,0,0,0,0.7,1,1,0,1,0,Technology,
Europe,Capital Goods,Germany,Siemens,0,0,0,0,0.8,1,0,0,0,0,0,0,0,0,0,0,1,0,1,0,Manufacturing,
Europe,Insurance,Germany,Talanx,0,0,0.8,1,0.9,1,0,0,0.9,1,0.7,1,0.8,1,0,0,,0.8,0,1,Financial,
Europe,Consumer Durables,Germany,Volkswagen Group,0.8,1,0.7,1,0.9,1,0,0,0.8,1,0,0,0.8,1,0.4,0,,0.6,1,1,Manufacturing,
Asia,Insurance,Hong Kong,AIA Group,0,0,0,0,0,0,0,0,0,0,0,0,0,0,0,0,0,0,0,0,Financial,
Asia,Telecommunications Services,Hong Kong,China Mobile,0,0,0,0,0,0,0,0,0,0,0,0,0,0,0,0,,0.8,0,1,Technology,
Asia,Construction,Hong Kong,China Resources Land,0,0,0,0,0,0,0.95,1,0,0,0,0,0,0,0,0,,0.8,1,1,Construction,
Asia,Telecommunications Services,Hong Kong,China Unicom,0,0,0,0,0.9,1,0,0,0,0,0,0,0,0,0,0,,0.8,1,1,Technology,
Asia,Trading Companies,Hong Kong,CITIC,0,0,0,0,0,0,0,0,0,0,0,0,0,0,0,0,1,0,1,0,Retail & Trading,
Asia,Retailing,Hong Kong,CK Hutchison,0,0,0,0,0,0,0.95,1,0,0,0,0,0,0,0,0,0,0,0,0,Retail & Trading,
Asia,Oil & Gas Operations,Hong Kong,CNOOC,0,0,0,0,0,0,0,0,0,0,0,0,0,0,0,0,0,0,0,0,Energy & Utilities,
Asia,Technology Hardware & Equipment,Hong Kong,Lenovo Group,0,0,0,0,0.95,1,0.8,1,0,0,0,0,0,0,0,0,,0.8,1,1,Technology,
Asia,Construction,Hong Kong,Sun Hung Kai Properties,0,0,0,0,0,0,0,0,0.9,1,0,0,0,0,0,0,1,0,0,0,Construction,
Asia,Banking,India,Axis Bank,0,0,0.95,1,0,0,0,0,0,0,0.7,1,0.7,1,0.95,1,0,0,0,0,Financial,
Asia,Telecommunications Services,India,Bharti Airtel,0,0,0.7,1,0.9,1,0,0,0.6,1,0.6,1,0,0,0.7,1,1,0,0,0,Technology,
Asia,Banking and Finance,India,HDFC,0,0,0,0,0,0,0,0,0,0,0,0,0,0,0,0,1,0,0,0,Financial,
Asia,Banking,India,HDFC Bank,0,0,0.8,1,0.95,1,0,0,0,0,0.7,1,0.9,1,0.8,1,0,0,1,0,Financial,
Asia,Banking,India,ICICI Bank,0,0,0.95,1,0.6,1,0,0,0.6,1,0.7,1,0.7,1,0.7,1,1,0,0,0,Financial,
Asia,Construction,India,Larsen & Toubro,0,0,0.95,1,0,0,0,0,0,0,0.8,1,0.9,1,0,0,1,0,0,0,Construction,
Asia,Insurance,India,Life Insurance Corp. of India,0,0,0,0,0,0,0,0,0,0,0,0,0,0,0,0,1,0,0,0,Financial,
Asia,Utilities,India,NTPC,0,0,0,0,0.8,1,0,0,0,0,0,0,0.7,1,0.7,1,1,0,0,0,Energy & Utilities,
Asia,Oil & Gas Operations,India,Oil & Natural Gas,0,0,0,0,0,0,0,0,0,0,0.95,1,0.6,1,0,0,,0.95,0,1,Energy & Utilities,
Asia,Oil & Gas Operations,India,Reliance Industries,0.8,1,0.9,1,0.95,1,0,0,0,0,0.95,1,0.95,1,0.8,1,,0.95,1,1,Energy & Utilities,
Asia,Banking,India,State Bank of India,0,0,0.95,1,0.95,1,0,0,0,0,0.75,1,0.9,1,0,0,,0.95,0,1,Financial,
Asia,IT Software & Services,India,Tata Consultancy Services,0,0,0.9,1,0.9,1,0.6,1,0.9,1,0.9,1,0.8,1,0.9,1,0,0,0,0,Technology,
Asia,Banking,Indonesia,Bank Central Asia,0,0,0.95,1,0.95,1,0,0,0,0,0.7,1,0.7,1,0,0,1,0,1,0,Financial,
Asia,Banking,Indonesia,Bank Mandiri,0.95,1,1,1,0.9,1,0,0,0,0,0.9,1,0.95,1,0.95,1,,0.9,1,1,Financial,
Asia,Banking,Indonesia,Bank Rakyat Indonesia (BRI),0.9,1,1,1,0.95,1,0,0,0.8,1,0.7,1,0.8,1,0.8,1,1,1,1,1,Financial,
Europe,IT Software & Services,Ireland,Accenture,0,0,0.7,1,0.9,1,0,0,0.9,1,0.7,1,0.9,1,0.6,1,1,0,1,0,Technology,
Europe,Insurance,Ireland,Aon,0.8,1,0.9,1,0.6,1,0,0,0.9,1,0.8,1,0,0,0.6,1,,0.6,0,1,Financial,
Europe,Construction,Ireland,CRH,0,0,0.7,1,0.9,1,0,0,0,0,0,0,0,0,0,0,1,0,1,0,Construction,
Europe,"Engineering, Manufacturing",Ireland,Eaton,0,0,0,0,0,0,0,0,0,0,0,0,0,0,0,0,0,0,0,0,Manufacturing,
Europe,Capital Goods,Ireland,Johnson Controls International,0,0,0.8,1,0.9,1,0,0,0,0,0,0,0,0,0,0,1,0,1,0,Manufacturing,
Europe,Health Care Equipment & Services,Ireland,Medtronic,0,0,0.7,1,0.9,1,0,0,0.8,1,0.8,1,0.7,1,0.7,1,1,0,0,0,Pharma + Healthcare,
Europe,Retailing,Ireland,PDD Holdings,0,0,0,0,0,0,0,0,0,0,0,0,0,0,0,0,0,0,0,0,Retail & Trading,
Europe,Utilities,Italy,Enel,0.95,1,0.9,1,0.95,1,0.95,1,0.95,1,0.8,1,0.95,1,0.9,1,,0.95,0,1,Energy & Utilities,
Europe,Oil & Gas Operations,Italy,Eni,0,0,0.8,1,0.9,1,0.9,1,0.9,1,0.7,1,0.8,1,0.7,1,1,0,1,0,Energy & Utilities,
Europe,Insurance,Italy,Generali Group,0,0,1,1,0.9,1,0.9,1,0.9,1,0.8,1,0.95,1,0.9,1,,0.9,1,1,Financial,
Europe,Banking,Italy,Intesa Sanpaolo,0.95,1,1,1,0.95,1,0.8,1,0.9,1,0.9,1,0.9,1,0.9,1,,0.9,1,1,Financial,
Europe,Banking,Italy,Poste Italiane,0,0,0,0,0.9,1,0,0,0.8,1,0.7,1,0.8,1,0.7,1,0,0,1,0,Financial,
Europe,Banking,Italy,UniCredit,0,0,0.95,1,0.95,1,0.9,1,0.9,1,0.9,1,0.9,1,0.9,1,,0.7,1,1,Financial,
Asia,Consumer Durables,Japan,Bridgestone,0,0,0.7,1,0,0,0,0,0,0,0,0,0,0,0,0,0,0,1,0,Manufacturing,
Asia,Technology Hardware & Equipment,Japan,Canon,0,0,0,0,0.7,1,0.8,1,0,0,0,0,0,0,0,0,0,0,1,0,Technology,
Asia,Insurance,Japan,Dai-ichi Life Insurance,0.95,1,0,0,0,0,0,0,0,0,0,0,0,0,0,0,,0.8,0,1,Financial,
Asia,Capital Goods,Japan,Daikin Industries,0,0,0.6,1,0.8,1,0.9,1,0.8,1,0,0,0.7,1,0.6,1,,0.8,1,1,Manufacturing,
Asia,Construction,Japan,Daiwa House Industry,0,0,0,0,0.7,1,0,0,0,0,0,0,0.8,1,0,0,,0.6,1,1,Construction,
Asia,Consumer Durables,Japan,Denso,0,0,0.7,1,0.9,1,0,0,0.7,1,0.7,1,0.7,1,0.7,1,,0.9,1,1,Manufacturing,
Asia,Oil & Gas Operations,Japan,ENEOS Holdings,0.8,1,0,0,0.9,1,0,0,0,0,0,0,0.6,1,0,0,1,0,1,0,Energy & Utilities,
Asia,Retailing,Japan,Fast Retailing,0,0,0,0,0,0,0,0,0,0,0,0,0,0,0,0,0,0,0,0,Retail & Trading,
Asia,Capital Goods,Japan,Hitachi,0,0,0.8,1,0.9,1,0,0,0,0,0,0,0,0,0,0,1,0,1,0,Manufacturing,
Asia,Consumer Durables,Japan,Honda Motor,0,0,0,0,0.9,1,0,0,0.7,1,0,0,0,0,0,0,0,0,1,0,Manufacturing,
Asia,Food Markets,Japan,Itochu,0.95,1,0.7,1,0.9,1,0,0,0.7,1,0.8,1,0.8,1,0.9,1,,0.8,1,1,Retail & Trading,
Asia,Insurance,Japan,Japan Post Holdings,1,1,0,0,0,0,0,0,0,0,0.8,1,0.9,1,0,0,1,0,1,0,Financial,
Asia,"Food, Drink & Tobacco",Japan,Japan Tobacco,0,0,0,0,0,0,0,0,0,0,0,0,0,0,0,0,0,0,0,0,Retail & Trading,
Asia,Telecommunications Services,Japan,KDDI,0,0,0.7,1,0.9,1,0,0,0.8,1,0.9,1,0.9,1,0.6,1,,1,1,1,Technology,
Asia,Capital Goods,Japan,Komatsu,0,0,0,0,0,0,0,0,0,0,0,0,0,0,0,0,0,0,0,0,Manufacturing,
Asia,"Food, Drink & Tobacco",Japan,Marubeni,0.7,1,0.8,1,0.9,1,0,0,0,0,0.7,1,0.95,1,0.7,1,,0.95,1,1,Retail & Trading,
Asia,Trading Companies,Japan,Mitsubishi,0,0,0.6,1,0,0,0,0,0,0,0.6,1,0,0,0,0,,0.9,0,1,Retail & Trading,
Asia,Capital Goods,Japan,Mitsubishi Electric,0,0,0,0,0,0,0,0,0,0,0,0,0,0,0,0,0,0,1,0,Manufacturing,
Asia,Banking,Japan,Mitsubishi UFJ Financial,0,0,0.95,1,1,1,0,0,0.8,1,0.8,1,0.8,1,0.7,1,,0.9,1,1,Financial,
Asia,Chemicals,Japan,Mitsui,0,0,0,0,0.9,1,0.9,1,0,0,0,0,0.6,1,0.7,1,,0.9,0,1,Manufacturing,
Asia,Banking,Japan,Mizuho Financial,0,0,0.8,1,0.9,1,0,0,0.9,1,0.8,1,0.9,1,0.9,1,,0.8,1,1,Financial,
Asia,Insurance,Japan,MS&AD Insurance,0.8,1,0.7,1,0.95,1,0,0,0.9,1,0,0,0.7,1,0,0,,0.95,1,1,Financial,
Asia,Materials,Japan,Nippon Steel,0,0,0.7,1,0.9,1,0,0,0,0,0,0,0,0,0,0,0,0,0,0,Manufacturing,
Asia,Telecommunications Services,Japan,Nippon Telegraph & Tel,0,0,0.9,1,0.9,1,0.9,1,0.9,1,0.7,1,0.8,1,0.6,1,,0.9,1,1,Technology,
Asia,Consumer Durables,Japan,Nissan Motor,0,0,0.3,0,0,0,0,0,0,0,0,0,0,0,0.9,1,1,0,1,0,Manufacturing,
Asia,Banking and Finance,Japan,Orix,0.9,1,0,0,0.7,1,0,0,0.8,1,0.8,1,0.95,1,0.8,1,,0.9,0,1,Financial,
Asia,Consumer Durables,Japan,Panasonic,0,0,0.7,1,0.9,1,0.9,1,0.8,1,0.7,1,0,0,0.8,1,,0.8,1,1,Manufacturing,
Asia,IT Software & Services,Japan,Recruit Holdings,0.9,1,0.7,1,0.9,1,0,0,0,0,0.6,1,0,0,0,0,,0.7,1,1,Technology,
Asia,Food Markets,Japan,Seven & I Holdings,0,0,0,0,0,0,0,0,0,0,0,0,0,0,0,0,0,0,1,0,Retail & Trading,
Asia,Chemicals,Japan,Shin-Etsu Chemical,0,0,0,0,0,0,0,0,0,0,0,0,0,0,0,0,0,0,0,0,Manufacturing,
Asia,Telecommunications Services,Japan,Softbank,0,0,0,0,0.75,1,0,0,0,0,0.8,1,0.75,1,0,0,,0.95,1,1,Technology,
Asia,Technology Hardware & Equipment,Japan,Sony,0.9,1,0.7,1,0.9,1,0.95,1,0,0,0.7,1,0.8,1,0.8,1,,0.7,1,1,Technology,
Asia,Trading Companies,Japan,Sumitomo,0.8,1,0.6,1,0.95,1,0,0,0.7,1,0,0,0.8,1,0.9,1,,0.9,1,1,Retail & Trading,
Asia,Banking,Japan,Sumitomo Mitsui Financial,0.95,1,0.95,1,0.9,1,0.8,1,0.9,1,0.95,1,0.7,1,0.8,1,,0.95,1,1,Financial,
Asia,Drugs & Biotechnology,Japan,Takeda Pharmaceutical,0,0,0.8,1,0.9,1,0.9,1,0.9,1,0,0,0.7,1,0.9,1,,0.9,1,1,Pharma + Healthcare,
Asia,Insurance,Japan,Tokio Marine Holdings,0.8,1,0.8,1,0.8,1,0,0,0,0,0.7,1,0.7,1,0.8,1,,0.8,1,1,Financial,
Asia,Capital Goods,Japan,Toyota Industries,0,0,0,0,0,0,0,0,0,0,0,0,0,0,0,0,1,0,0,0,Manufacturing,
Asia,Consumer Durables,Japan,Toyota Motor,0,0,0.8,1,0.9,1,0,0,0.8,1,0.9,1,0.9,1,0.6,1,,1,1,1,Manufacturing,
Asia,Materials,Japan,Toyota Tsusho,0.95,1,0.7,1,0,0,0,0,0,0,0.6,1,0,0,0,0,0,0,0,0,Manufacturing,
Europe,Materials,Luxembourg,ArcelorMittal,0.8,1,0,0,0.9,1,1,1,0.7,1,0.7,1,0.7,1,0,0,1,0,1,0,Manufacturing,
Asia,Banking,Malaysia,Maybank,0,0,0.95,1,0,0,0,0,0,0,0,0,0,0,0,0,0,0,0,0,Financial,
North America,Telecommunications Services,Mexico,América Móvil,0,0,0,0,0,0,0,0,0,0,0,0,0,0,0,0,0,0,0,0,Technology,
North America,Banking,Mexico,Banorte,0,0,0.95,1,0,0,0,0,0,0,0,0,0,0,0,0,0,0,0,0,Financial,
North America,"Food, Drink & Tobacco",Mexico,Femsa,0.95,1,0,0,0.8,1,0.8,1,0,0,0,0,0,0,0.8,1,,0.95,1,1,Retail & Trading,
North America,Materials,Mexico,Grupo Mexico,0,0,0,0,0,0,0,0,0,0,0,0,0,0,0,0,0,0,0,0,Manufacturing,
Europe,Semiconductors,Netherlands,ASML Holding,0.9,1,0.9,1,0.95,1,0.7,1,0,0,0.9,1,0.9,1,0.8,1,,0.95,0,1,Technology,
Europe,"Food, Drink & Tobacco",Netherlands,Heineken,0,0,0,0,0.7,1,0,0,0,0,0.8,1,0,0,0,0,0,0,1,0,Retail & Trading,
Europe,Banking,Netherlands,ING Group,0,0,0.95,1,0.9,1,0,0,0.9,1,0.9,1,0.9,1,0.9,1,,0.9,1,1,Financial,
Europe,Food Markets,Netherlands,Royal Ahold Delhaize N.V.,0,0,0.9,1,0.9,1,0,0,0,0,0.8,1,0.7,1,0.9,1,0,0,1,0,Retail & Trading,
Europe,Consumer Durables,Netherlands,Stellantis,1,1,0,0,0.9,1,0.9,1,0.6,1,0,0,0.8,1,0.7,1,,0.9,1,1,Manufacturing,
Europe,Banking,Norway,DNB Bank,0,0,0.9,1,0.95,1,0,0,0,0,0,0,1,1,0.8,1,,0.95,1,1,Financial,
Europe,Oil & Gas Operations,Norway,Equinor,0,0,0.7,1,0.95,1,0,0,0.9,1,0.8,1,0.8,1,0.7,1,,0.9,1,1,Energy & Utilities,
Europe,Oil & Gas Operations,Poland,PKN Orlen,0,0,0,0,0.9,1,0,0,0,0,0,0,0.9,1,0,0,1,0,1,0,Energy & Utilities,
Asia,Banking,Qatar,Qatar National Bank,0,0,0.95,1,0.95,1,0,0,0,0,0.7,1,0.95,1,0,0,0,0,0,0,Financial,
Asia,Banking,Saudi Arabia,Al Rajhi Bank,0,0,0.95,1,0.9,1,0.8,1,0,0,0.7,1,0.8,1,0,0,0,0,0,0,Financial,
Asia,Oil & Gas Operations,Saudi Arabia,Saudi Arabian Oil Company (Saudi Aramco),0,0,0.9,1,0.9,1,0,0,0.8,1,0.7,1,0.9,1,0.4,0,,0.9,1,1,Energy & Utilities,
Asia,Utilities,Saudi Arabia,Saudi Electricity,0,0,0,0,0,0,0,0,0,0,0,0,0,0,0,0,1,0,0,0,Energy & Utilities,
Asia,Telecommunications Services,Saudi Arabia,Saudi Telecom,0,0,0.7,1,0.9,1,0,0,0,0,0.8,1,0.8,1,0.4,0,,0.8,1,1,Technology,
Asia,Banking,Saudi Arabia,The Saudi National Bank,0,0,0.95,1,0.95,1,0,0,0,0,0,0,0.9,1,0,0,1,0,0,0,Financial,
Asia,Banking,Singapore,DBS,0.95,1,0.95,1,0.95,1,0.7,1,0.9,1,0.9,1,0.9,1,0.9,1,,0.6,0,1,Financial,
Asia,Banking,Singapore,Oversea-Chinese Banking,0,0,0.9,1,0.9,1,0,0,0,0,0.8,1,0.7,1,0,0,1,0,1,0,Financial,
Asia,Banking,Singapore,United Overseas Bank,0,0,0.8,1,0.95,1,0,0,0.8,1,0.7,1,0,0,0.9,1,1,0,1,0,Financial,
Asia,"Food, Drink & Tobacco",Singapore,Wilmar International,0,0,0,0,0,0,0,0,0,0,0,0,0,0,0,0,0,0,0,0,Retail & Trading,
Africa,Banking,South Africa,FirstRand,0,0,0.95,1,0,0,0,0,0,0,0,0,0,0,0,0,,0.8,0,1,Financial,
Asia,Banking,South Korea,Hana Financial Group,1,1,0.95,1,0.95,1,0,0,0,0,0.6,1,0,0,0.6,1,,1,1,1,Financial,
Asia,Consumer Durables,South Korea,Hyundai Mobis,0,0,0,0,0,0,0,0,0,0,0,0,0,0,0,0,1,0,1,0,Manufacturing,
Asia,Consumer Durables,South Korea,Hyundai Motor,0,0,0.7,1,0.9,1,0.8,1,0.9,1,0,0,0.9,1,0.9,1,,0.99,1,1,Manufacturing,
Asia,Banking,South Korea,KB Financial Group,0,0,0.8,1,0.95,1,0,0,0.7,1,0.8,1,0.7,1,0,0,,0.95,1,1,Financial,
Asia,Consumer Durables,South Korea,KIA,0,0,0,0,0,0,0,0,0,0,0,0,0,0,0,0,1,0,0,0,Manufacturing,
Asia,Chemicals,South Korea,LG Chem,0.8,1,0,0,0,0,1,1,0,0,0,0,0.8,1,0.3,0,1,0,1,0,Manufacturing,
Asia,Construction,South Korea,Posco,0,0,0,0,0,0,1,1,0,0,0,0,0,0,0,0,1,0,1,0,Construction,
Asia,Technology Hardware & Equipment,South Korea,Samsung Electronics,0,0,0.8,1,0.9,1,0,0,0,0,0,0,0,0,0,0,,0.95,1,1,Technology,
Asia,Diversified Financials,South Korea,Shinhan Financial Group,1,1,0.95,1,0.95,1,0,0,0,0,0.7,1,0.9,1,0.8,1,,0.95,1,1,Financial,
Asia,Semiconductors,South Korea,SK Hynix,0,0,0,0,0,0,0,0,0,0,0,0,0,0,0.7,1,0,0,0,0,Technology,
Europe,Banking,Spain,BBVA-Banco Bilbao Vizcaya,0.9,1,0.95,1,0.9,1,0.9,1,0.9,1,0.9,1,0.95,1,0.9,1,,0.9,1,1,Financial,
Europe,Banking,Spain,CaixaBank,0,0,1,1,0.8,1,0,0,0,0,0.7,1,1,1,0,0,0,0,1,0,Financial,
Europe,Utilities,Spain,Iberdrola,0,0,0.8,1,0.9,1,0.9,1,0.9,1,0.8,1,0.95,1,0.8,1,,0.9,1,1,Energy & Utilities,
Europe,Household & Personal Products,Spain,Inditex,0,0,0,0,0.95,1,0,0,0,0,0.8,1,0.8,1,0.9,1,,0.95,0,1,Retail & Trading,
Europe,Utilities,Spain,Naturgy Energy Group,0,0,0.95,1,0.95,1,0.95,1,0.7,1,0.8,1,0.7,1,0.7,1,1,0,0,0,Energy & Utilities,
Europe,Oil & Gas Operations,Spain,Repsol,0,0,0.9,1,0.95,1,0.8,1,0.7,1,0.9,1,0.8,1,0,0,,0.95,1,1,Energy & Utilities,
Europe,Banking,Spain,Santander,0.95,1,1,1,0.9,1,0,0,0.9,1,0.9,1,0.95,1,0.9,1,,0.9,1,1,Financial,
Europe,Telecommunications Services,Spain,Telefónica,0.7,1,0.9,1,0.95,1,0.9,1,0.9,1,0.9,1,0.9,1,0.9,1,,0.9,1,1,Technology,
Europe,Diversified Financials,Sweden,Investor AB,0.8,1,0,0,0,0,1,1,0,0,0,0,0,0,0,0,,0.7,0,1,Financial,
Europe,Banking,Sweden,SEB AB,0,0,0.95,1,1,1,0.9,1,0.8,1,0.9,1,0.9,1,0.9,1,,0.6,1,1,Financial,
Europe,Banking,Sweden,Svenska Handelsbanken,0,0,0,0,0,0,0,0,0,0,0.4,0,0.6,1,0,0,0,0,0,0,Financial,
Europe,Banking,Sweden,Swedbank,0,0,0,0,0.9,1,0,0,0,0,0.9,1,0.8,1,0,0,0,0,0,0,Financial,
Europe,Capital Goods,Sweden,Volvo Group,0,0,0.8,1,0.95,1,0.9,1,0.9,1,0.8,1,0.9,1,0.9,1,,0.9,1,1,Manufacturing,
Europe,Capital Goods,Switzerland,ABB,0,0,0.6,1,0,0,0,0,0,0,0,0,0,0,0,0,1,0,1,0,Manufacturing,
Europe,Insurance,Switzerland,Chubb,0.95,1,0,0,0.9,1,0,0,0,0,0,0,0,0,0.8,1,0,0,0,0,Financial,
Europe,Diversified Financials,Switzerland,Credit Suisse Group,0,0,0,0,0,0,0,0,0,0,0,0,0,0,0,0,1,0,1,0,Financial,
Europe,Trading Companies,Switzerland,Glencore International,0,0,0,0,0,0,0,0,0,0,0,0,0,0,0,0,0,0,0,0,Retail & Trading,
Europe,Construction,Switzerland,Holcim,0,0,0.9,1,0.95,1,0,0,0.9,1,0.7,1,0.8,1,0.9,1,,0.95,1,1,Construction,
Europe,"Food, Drink & Tobacco",Switzerland,Nestlé,0,0,0.7,1,0.95,1,0.6,1,0.9,1,0.8,1,0.9,1,0.7,1,1,0,1,0,Retail & Trading,
Europe,Drugs & Biotechnology,Switzerland,Novartis,1,1,0,0,0.9,1,1,1,0.8,1,0.8,1,0,0,0,0,1,0,1,0,Pharma + Healthcare,
Europe,Drugs & Biotechnology,Switzerland,Roche Holding,0,0,0.7,1,0.9,1,0,0,0.7,1,0.8,1,0.9,1,0.8,1,1,0,1,0,Pharma + Healthcare,
Europe,Insurance,Switzerland,Swiss Life Holding,0,0,0,0,0,0,0,0,0,0,0,0,0,0,0,0,0,0,0,0,Financial,
Europe,Diversified Financials,Switzerland,UBS,0,0,0.9,1,0.9,1,0.8,1,0.9,1,0.9,1,0.9,1,0.9,1,,0.9,1,1,Financial,
Europe,Insurance,Switzerland,Zurich Insurance Group,0,0,0,0,0,0,0,0,0,0,0,0,0,0,0,0,0,0,0,0,Financial,
Asia,Technology Hardware & Equipment,Taiwan,Hon Hai Precision,0,0,0.7,1,0,0,0,0,0,0,0.8,1,0,0,0,0,0,0,0,0,Technology,
Asia,Semiconductors,Taiwan,Taiwan Semiconductor,0,0,0,0,0,0,0,0,0,0,0,0,0,0,0,0,0,0,1,0,Technology,
Asia,Oil & Gas Operations,Thailand,PTT,0,0,1,1,0.7,1,0,0,0,0,0,0,0,0,1,1,,1,0,1,Energy & Utilities,
Asia,Oil & Gas Operations,Turkey,Koç Holding,0,0,0.6,1,0,0,0,0,0,0,0.8,1,0,0,0.6,1,0,0,1,0,Energy & Utilities,
Asia,Banking,United Arab Emirates,Emirates NBD,0,0,0.9,1,0.95,1,0.7,1,0,0,0.9,1,0.9,1,0.7,1,0,0,1,0,Financial,
Asia,Telecommunications Services,United Arab Emirates,Etisalat,1,1,0.8,1,0.9,1,0,0,0.7,1,0.8,1,0.9,1,0.7,1,,1,1,1,Technology,
Asia,Diversified Financials,United Arab Emirates,First Abu Dhabi Bank,0,0,0.95,1,0.8,1,0,0,0,0,0.8,1,0.6,1,0.9,1,,0.7,0,1,Financial,
Asia,Health Care Equipment & Services,United Arab Emirates,International Holding Company,0.95,1,0,0,0.95,1,0,0,0,0,0,0,0.9,1,0,0,0,0,0,0,Pharma + Healthcare,
Asia,Utilities,United Arab Emirates,TAQA,0,0,0,0,0,0,0,0,0,0,0,0,0,0,0,0,1,0,1,0,Energy & Utilities,
Europe,Materials,United Kingdom,Anglo American,0,0,0.7,1,0.9,1,0.9,1,0.8,1,0.8,1,0.8,1,0.8,1,,0.9,1,1,Manufacturing,
Europe,Drugs & Biotechnology,United Kingdom,AstraZeneca,0,0,0,0,0.9,1,0,0,0.9,1,0.9,1,0.7,1,0.6,1,0,0,0,0,Pharma + Healthcare,
Europe,Aerospace & Defense,United Kingdom,BAE Systems,0.9,1,0.7,1,0.9,1,0,0,0,0,0.8,1,0.9,1,0.8,1,,0.7,0,1,Manufacturing,
Europe,Diversified Financials,United Kingdom,Barclays,0,0,0.9,1,1,1,0.9,1,0.9,1,0.9,1,0.95,1,0.9,1,,0.95,1,1,Financial,
Europe,Oil & Gas Operations,United Kingdom,BP,0.9,1,0.8,1,1,1,0.9,1,0.8,1,0.8,1,0.9,1,0.6,1,,0.9,1,1,Energy & Utilities,
Europe,"Food, Drink & Tobacco",United Kingdom,British American Tobacco,0,0,0,0,0.95,1,0,0,0,0,0,0,0.95,1,0,0,,0.9,1,1,Retail & Trading,
Europe,Telecommunications Services,United Kingdom,BT Group,0,0,0.6,1,0.95,1,0,0,0.7,1,0.7,1,0.9,1,0,0,0,0,0,0,Technology,
Europe,Capital Goods,United Kingdom,CNH Industrial,0.95,1,0.6,1,0.9,1,1,1,0.9,1,0.6,1,0,0,0.7,1,,0.8,1,1,Manufacturing,
Europe,"Food, Drink & Tobacco",United Kingdom,Diageo,0,0,0.7,1,0.9,1,0.7,1,0.6,1,0.9,1,0.75,1,0,0,,0.9,1,1,Retail & Trading,
Europe,Drugs & Biotechnology,United Kingdom,GSK,0,0,0,0,0.9,1,0,0,0,0,0,0,0,0,0,0,1,0,1,0,Pharma + Healthcare,
Europe,Banking,United Kingdom,HSBC Holdings,1,1,0.95,1,0,0,0,0,0,0,0.8,1,0,0,0.7,1,,0.8,1,1,Financial,
Europe,Chemicals,United Kingdom,Linde,0,0,0,0,0,0,0,0,0,0,0,0,0,0,0,0,0,0,0,0,Manufacturing,
Europe,Banking,United Kingdom,Lloyds Banking Group,0,0,0.6,1,0,0,0,0,0,0,0,0,0,0,0.7,1,,0.6,0,1,Financial,
Europe,Diversified Financials,United Kingdom,London Stock Exchange,0,0,0,0,0,0,0,0,0,0,0,0,0,0,0,0,0,0,0,0,Financial,
Europe,Chemicals,United Kingdom,LyondellBasell Industries,0,0,0,0,0,0,0,0,0,0,0,0,0,0,0,0,0,0,0,0,Manufacturing,
Europe,Utilities,United Kingdom,National Grid,0,0,0.7,1,0.9,1,0.8,1,0.8,1,0.7,1,0,0,0.7,1,1,0,1,0,Energy & Utilities,
Europe,Banking,United Kingdom,NatWest Group,0,0,0.8,1,0.95,1,0,0,0.9,1,0.9,1,0.9,1,0.9,1,,0.8,0,1,Financial,
Europe,Household & Personal Products,United Kingdom,Reckitt Benckiser Group,0,0,0.7,1,0.95,1,0.9,1,0,0,0.8,1,0.8,1,0.7,1,,0.95,1,1,Retail & Trading,
Europe,Materials,United Kingdom,Rio Tinto,0,0,0.7,1,0.9,1,0,0,0.8,1,0.7,1,0.9,1,0.9,1,,0.9,1,1,Manufacturing,
Europe,Oil & Gas Operations,United Kingdom,Shell,0.95,1,0,0,0.8,1,0,0,0,0,0.7,1,0,0,0,0,,0.6,1,1,Energy & Utilities,
Europe,Banking,United Kingdom,Standard Chartered,0,0,0.8,1,0.9,1,0,0,0,0,0.9,1,0.6,1,0.5,0,1,0,1,0,Financial,
Europe,Food Markets,United Kingdom,Tesco,0,0,1,1,0,0,0,0,0,0,0,0,0,0,0,0,0,0,1,0,Retail & Trading,
Europe,Household & Personal Products,United Kingdom,Unilever,0.95,1,0.9,1,0.9,1,0,0,0.9,1,0.9,1,0.9,1,0.9,1,,0.9,1,1,Retail & Trading,
Europe,Telecommunications Services,United Kingdom,Vodafone,0,0,0.9,1,0.95,1,0.9,1,0.8,1,0.9,1,0.9,1,0.9,1,1,0,0,0,Technology,
North America,Conglomerates,United States,3M,0,0,0,0,0,0,1,1,0,0,0,0,0,0,0,0,1,0,1,0,Manufacturing,
North America,Health Care Equipment & Services,United States,Abbott Laboratories,0,0,0,0,0.9,1,0,0,0,0,0,0,0,0,0.6,1,1,0,1,0,Pharma + Healthcare,
North America,Drugs & Biotechnology,United States,AbbVie,0,0,0,0,0.9,1,0,0,0,0,0.7,1,0.7,1,0,0,1,0,1,0,Pharma + Healthcare,
North America,IT Software & Services,United States,Adobe,0,0,0,0,0.6,1,0,0,0,0,0,0,0,0,0,0,1,0,1,0,Technology,
North America,Insurance,United States,Aflac,0,0,0,0,0,0,0,0,0,0,0,0,0,0,0,0,1,0,1,0,Financial,
North America,IT Software & Services,United States,Alphabet,0,0,0.7,1,0.9,1,0,0,0.8,1,0.8,1,0.9,1,0.9,1,,0.8,1,1,Technology,
North America,"Food, Drink & Tobacco",United States,Altria Group,0,0,0,0,0,0,0,0,0,0,0,0,0,0,0,0,1,0,1,0,Retail & Trading,
North America,Retail and Wholesale,United States,Amazon,0,0,0.9,1,0.9,1,0,0,0,0,0,0,0.9,1,0.7,1,1,0,1,0,Retail & Trading,
North America,Utilities,United States,American Electric,0,0,0,0,0,0,0,0,0,0,0,0,0,0,0,0,0,0,1,0,Energy & Utilities,
North America,Banking and Finance,United States,American Express,0,0,0.95,1,0.9,1,0.7,1,0.9,1,0.8,1,0.9,1,0.9,1,1,0,1,0,Financial,
North America,Insurance,United States,American International Group,0,0,0,0,0,0,0,0,0,0,0,0,0,0,0,0,0,0,0,0,Financial,
North America,Diversified Financials,United States,American Tower,0,0,0,0,0,0,0,0,0,0,0,0,0,0,0,0,0,0,0,0,Financial,
North America,Diversified Financials,United States,Ameriprise Financial,0,0,0,0,0,0,0,0,0,0,0,0,0,0,0,0,0,0,0,0,Financial,
North America,Health Care Equipment & Services,United States,AmerisourceBergen,0,0,0.8,1,0,0,0,0,0,0,0,0,0,0,0,0,1,0,1,0,Pharma + Healthcare,
North America,Drugs & Biotechnology,United States,Amgen,0,0,0,0,0.8,1,0,0,0.8,1,0.8,1,0.9,1,0.6,1,1,0,1,0,Pharma + Healthcare,
North America,Semiconductors,United States,Analog Devices,0,0,0.7,1,0.9,1,0,0,0,0,0.6,1,0,0,0,0,,0.8,0,1,Technology,
North America,Technology Hardware & Equipment,United States,Apple,0,0,0.7,1,0.9,1,0,0,0,0,0.9,1,0.7,1,0,0,0,0,0,0,Technology,
North America,Capital Goods,United States,Applied Materials,0,0,0.7,1,0.9,1,0,0,0.6,1,0,0,0.9,1,0.7,1,1,0,1,0,Manufacturing,
North America,"Food, Drink & Tobacco",United States,Archer Daniels Midland,0,0,0.8,1,0.9,1,0,0,0,0,0,0,0.6,1,0.9,1,,0.9,1,1,Retail & Trading,
North America,Telecommunications Services,United States,AT&T,0,0,0,0,0,0,0.95,1,0,0,0,0,0,0,0,0,1,0,1,0,Technology,
North America,Technology,United States,Automatic Data Processing,0,0,0,0,0,0,0,0,0,0,0,0,0,0,0,0,1,0,1,0,Technology,
North America,Banking,United States,Bank of America,0,0,1,1,0.9,1,0,0,0,0,0.95,1,0.9,1,0.8,1,,0.95,0,1,Financial,
North America,Diversified Financials,United States,Bank of New York Mellon,0,0,0.7,1,0.9,1,0,0,0,0,0.9,1,0,0,0.7,1,,0.9,0,1,Financial,
North America,Health Care Equipment & Services,United States,Becton Dickinson,0.95,1,0.9,1,0,0,1,1,0,0,0,0,0,0,0,0,1,0,0,0,Pharma + Healthcare,
North America,Diversified Financials,United States,Berkshire Hathaway,0,0,0,0,0,0,0,0,0,0,0,0,0,0,0,0,0,0,0,0,Financial,
North America,Diversified Financials,United States,BlackRock,0,0,0,0,0,0,0,0,0,0,0,0,0,0,0.7,1,,0.8,0,1,Financial,
North America,Aerospace & Defense,United States,Boeing,0,0,0.9,1,0.9,1,0,0,0.6,1,0,0,0,0,0.8,1,1,0,1,0,Manufacturing,
North America,Travel/Entertainment,United States,Booking Holdings,0.95,1,0,0,0,0,0,0,0,0,0,0,0,0,0,0,0,0,0,0,Hospitality,
North America,Drugs & Biotechnology,United States,Bristol Myers Squibb,0,0,0,0,0.9,1,0,0,0.9,1,0,0,0.9,1,0.7,1,,0.7,0,1,Pharma + Healthcare,
North America,Semiconductors,United States,Broadcom,0.95,1,0,0,0,0,0,0,0,0,0,0,0,0,0,0,0,0,0,0,Technology,
North America,Banking,United States,Capital One,0,0,0.8,1,0.9,1,0,0,0.5,0,0.9,1,0.9,1,0.7,1,,0.9,1,1,Financial,
North America,Capital Goods,United States,Carrier Global,0,0,0,0,0,0,0.95,1,0,0,0,0,0,0,0,0,1,0,1,0,Manufacturing,
North America,Capital Goods,United States,Caterpillar,0,0,0.6,1,0,0,0,0,0,0,0.7,1,0,0,0.7,1,,0.9,1,1,Manufacturing,
North America,Drugs & Biotechnology,United States,Centene,0,0,0,0,0,0,0,0,0,0,0,0,0,0,0,0,0,0,0,0,Pharma + Healthcare,
North America,Diversified Financials,United States,Charles Schwab,0,0,0,0,0,0,0,0,0,0,0,0,0,0,0,0,0,0,0,0,Financial,
North America,Media,United States,Charter Communications,0,0,0.9,1,0,0,0,0,0.8,1,0.8,1,0,0,0,0,1,0,0,0,Media,
North America,Oil & Gas Operations,United States,Cheniere Energy,0,0,0,0,0,0,0,0,0,0,0,0,0,0,0,0,0,0,0,0,Energy & Utilities,
North America,Oil & Gas Operations,United States,Chevron,0,0,0.6,1,0.9,1,0.8,1,0,0,0.7,1,0.8,1,0,0,1,0,1,0,Energy & Utilities,
North America,Drugs & Biotechnology,United States,Cigna,0,0,0,0,0,0,0,0,0,0,0,0,0,0,0,0,,0.95,1,1,Pharma + Healthcare,
North America,IT Software & Services,United States,Cisco Systems,1,1,0.9,1,0.9,1,0,0,0.9,1,0.8,1,0.8,1,0.8,1,,0.9,1,1,Technology,
North America,Banking,United States,Citigroup,0,0,0.9,1,0.9,1,0.9,1,0.9,1,0.8,1,0.6,1,0.9,1,,0.9,1,1,Financial,
North America,Diversified Financials,United States,CME Group,0,0,0.8,1,0,0,0,0,0,0,0,0,0,0,0.9,1,1,0,1,0,Financial,
North America,"Food, Drink & Tobacco",United States,Coca-Cola,0,0,0.8,1,0.95,1,0,0,0.7,1,0.9,1,0.9,1,0.9,1,1,0,1,0,Retail & Trading,
North America,Media,United States,Comcast,0,0,0.9,1,1,1,0.7,1,0.8,1,0.9,1,0.9,1,0.9,1,,0.9,1,1,Media,
North America,Oil & Gas Operations,United States,ConocoPhillips,0,0,0,0,0,0,0,0,0,0,0,0,0,0,0,0,1,0,1,0,Energy & Utilities,
North America,Energy,United States,Consolidated Edison,0,0,0,0,0,0,0,0,0,0,0,0,0,0,0,0,0,0,0,0,Energy & Utilities,
North America,Diversified Financials,United States,Corebridge Financial,0,0,0,0,0,0,0,0,0,0,0,0,0,0,0,0,0,0,0,0,Financial,
North America,Chemicals,United States,Corteva,0,0,0,0,0,0,0,0,0,0,0,0,0,0,0.8,1,0,0,1,0,Manufacturing,
North America,Retailing,United States,Costco Wholesale,0,0,0,0,0,0,0,0,0,0,0,0,0,0,0,0,0,0,0,0,Retail & Trading,
North America,Transportation,United States,CSX,0,0,0,0,0,0,0,0,0,0,0,0,0,0,0,0,0,0,0,0,Transportation,
North America,Capital Goods,United States,Cummins,0,0,0,0,0.9,1,0,0,0,0,0.7,1,0.9,1,0,0,0,0,1,0,Manufacturing,
North America,Retailing,United States,CVS Health,0,0,0,0,0,0,0.7,1,0,0,0,0,0,0,0.7,1,1,0,1,0,Retail & Trading,
North America,Construction,United States,D.R. Horton,0,0,0,0,0,0,0,0,0,0,0,0,0,0,0,0,0,0,0,0,Construction,
North America,Health Care Equipment & Services,United States,Danaher,0,0,0,0,0,0,0.95,1,0,0,0,0,0,0,0,0,1,0,1,0,Pharma + Healthcare,
North America,Capital Goods,United States,Deere & Company,0,0,0,0,0.9,1,0,0,0.9,1,0,0,0.8,1,0,0,,0.95,0,1,Manufacturing,
North America,Technology Hardware & Equipment,United States,Dell Technologies,0.95,1,0.9,1,0,0,1,1,0,0,0,0,0,0,0.95,1,1,0,1,0,Technology,
North America,Transportation,United States,Delta Air Lines,0,0,0,0,0,0,0,0,0,0,0,0,0,0,0.9,1,1,0,0,0,Transportation,
North America,Oil & Gas Operations,United States,Devon Energy,0,0,0,0,0,0,0,0,0,0,0,0,0,0,0,0,1,0,1,0,Energy & Utilities,
North America,Banking and Finance,United States,Discover Financial Services,0.9,1,0,0,0,0,0,0,0,0,0,0,0,0,0,0,0,0,1,0,Financial,
North America,Retailing,United States,Dollar General,0,0,0,0,0,0,0,0,0,0,0,0,0,0,0,0,0,0,0,0,Retail & Trading,
North America,Utilities,United States,Dominion Energy,0,0,0,0,0,0,0,0,0,0,0,0,0,0,0,0,0,0,0,0,Energy & Utilities,
North America,Chemicals,United States,Dow,0,0,0.7,1,0,0,0,0,0,0,0,0,0.8,1,0,0,1,0,1,0,Manufacturing,
North America,Utilities,United States,Duke Energy,0,0,0,0,0,0,0,0,0,0,0,0,0,0,0,0,0,0,0,0,Energy & Utilities,
North America,Chemicals,United States,DuPont De Nemours,0.9,1,0.6,1,0.9,1,1,1,0.7,1,0.7,1,0,0,0,0,1,0,1,0,Manufacturing,
North America,Drugs & Biotechnology,United States,Elevance Health,0,0,0,0,0,0,0,0,0,0,0,0,0,0,0,0,0,0,0,0,Pharma + Healthcare,
North America,Drugs & Biotechnology,United States,Eli Lilly,0,0,0,0,0.9,1,0,0,0.9,1,0.6,1,0,0,0,0,1,0,1,0,Pharma + Healthcare,
North America,Technology Hardware & Equipment,United States,Emerson Electric,0,0,0.9,1,0.9,1,0,0,0.7,1,0.7,1,0,0,0,0,,0.9,1,1,Technology,
North America,Oil & Gas Operations,United States,EOG Resources,0,0,0,0,0,0,0,0,0,0,0,0,0,0,0,0,0,0,0,0,Energy & Utilities,
North America,Utilities,United States,Exelon,0.7,1,0.6,1,0.7,1,0.95,1,0,0,0.8,1,0.6,1,0,0,,0.6,0,1,Energy & Utilities,
North America,Oil & Gas Operations,United States,ExxonMobil,0,0,0,0,0,0,0,0,0.8,1,0,0,0.7,1,0,0,1,0,0,0,Energy & Utilities,
North America,Banking and Finance,United States,Fannie Mae,0,0,0,0,0,0,0,0,0,0,0,0,0,0,0,0,0,0,0,0,Financial,
North America,Transportation,United States,FedEx,0,0,0.7,1,0.9,1,0,0,0,0,0.6,1,0.7,1,0.6,1,1,0,1,0,Transportation,
North America,Banking,United States,Fifth Third Bank,0.95,1,0.8,1,0.9,1,0,0,0.8,1,0.6,1,0,0,0.6,1,1,0,1,0,Financial,
North America,Banking,United States,Fiserv,0,0,0.9,1,0.9,1,0,0,0,0,0,0,0,0,0.7,1,0,0,0,0,Financial,
North America,Consumer Durables,United States,Ford Motor,0,0,0,0,0,0,0,0,0,0,0,0,0,0,0,0,1,0,0,0,Manufacturing,
North America,Banking and Finance,United States,Freddie Mac,0,0,0,0,0,0,0,0,0,0,0,0,0,0,0,0,0,0,0,0,Financial,
North America,Materials,United States,Freeport-McMoRan,0,0,0,0,0,0,0,0,0,0,0,0,0,0,0,0,0,0,0,0,Manufacturing,
North America,Health Care Equipment & Services,United States,GE Healthcare,0.95,1,0.7,1,0,0,1,1,0,0,0,0,0,0,0,0,1,0,0,0,Pharma + Healthcare,
North America,Aerospace & Defense,United States,General Dynamics,0,0,0,0,0,0,0,0,0,0,0.9,1,0,0,0.8,1,0,0,0,0,Manufacturing,
North America,Capital Goods,United States,General Electric,0,0,0.6,1,0,0,1,1,0.7,1,0,0,0,0,0.6,1,1,0,1,0,Manufacturing,
North America,"Food, Drink & Tobacco",United States,General Mills,0,0,0.7,1,0.9,1,0.9,1,0,0,0,0,0,0,0,0,1,0,1,0,Retail & Trading,
North America,Consumer Durables,United States,General Motors,0,0,0,0,0.8,1,0.95,1,0,0,0,0,0,0,0.7,1,1,0,1,0,Manufacturing,
North America,Drugs & Biotechnology,United States,Gilead Sciences,0,0,0,0,0,0,0,0,0,0,0,0,0,0,0,0,1,0,0,0,Pharma + Healthcare,
North America,Diversified Financials,United States,Goldman Sachs Group,0.8,1,0.9,1,0.9,1,0,0,0.4,0,0.8,1,0.9,1,0.6,1,,0.9,0,1,Financial,
North America,Insurance,United States,Hartford Financial Services,0,0,0,0,0,0,0,0,0,0,0,0,0,0,0,0,0,0,0,0,Financial,
North America,Health Care Equipment & Services,United States,HCA Healthcare,0,0,0,0,0,0,0,0,0,0,0,0,0,0,0,0,0,0,0,0,Pharma + Healthcare,
North America,Industrial Conglomerates,United States,Honeywell International,0.8,1,0.7,1,0.95,1,0.95,1,0.7,1,0.7,1,0,0,0.8,1,1,0,1,0,Manufacturing,
North America,Technology Hardware & Equipment,United States,HP,0,0,0,0,0.9,1,0,0,0,0,0.7,1,0.7,1,0,0,1,0,1,0,Technology,
North America,Drugs & Biotechnology,United States,Humana,0,0,0,0,0,0,0,0,0,0,0,0,0,0,0,0,1,0,0,0,Pharma + Healthcare,
North America,IT Software & Services,United States,IBM,0,0,0,0,0,0,0,0,0,0,0,0,0,0,0,0,1,0,1,0,Technology,
North America,Semiconductors,United States,Intel,0,0,0.9,1,0.9,1,0.9,1,0,0,0.7,1,0,0,0,0,1,0,1,0,Technology,
North America,Diversified Financials,United States,IntercontinentalExchange,0,0,0.6,1,0,0,0,0,0,0,0,0,0,0,0.8,1,0,0,0,0,Financial,
North America,IT Software & Services,United States,Intuit,1,1,0.8,1,0.95,1,0,0,0.9,1,0.7,1,0.9,1,0.9,1,,0.95,1,1,Technology,
North America,Drugs & Biotechnology,United States,Johnson & Johnson,0,0,0.8,1,1,1,0,0,0.9,1,0.9,1,0.9,1,0.8,1,,0.9,1,1,Pharma + Healthcare,
North America,Banking and Finance,United States,JPMorgan Chase,0.9,1,0.95,1,0.95,1,0.9,1,0.9,1,0.95,1,0.9,1,0.7,1,,0.8,0,1,Financial,
North America,"Food, Drink & Tobacco",United States,Keurig Dr Pepper,0,0,0,0,0,0,0,0,0,0,0,0,0,0,0,0,,0.95,0,1,Retail & Trading,
North America,Oil & Gas Operations,United States,Kinder Morgan,0,0,0,0,0,0,0,0,0,0,0,0,0,0,0,0,0,0,0,0,Energy & Utilities,
North America,"Food, Drink & Tobacco",United States,Kraft Heinz Company,0,0,0,0,0,0,0,0,0,0,0,0,0,0,0.7,1,1,0,1,0,Retail & Trading,
North America,Food Markets,United States,Kroger,0,0,0,0,0,0,0,0,0,0,0,0,0,0,0,0,0,0,0,0,Retail & Trading,
North America,Technology,United States,Lam Research,0,0,0,0,0,0,0,0,0,0,0,0,0.7,1,0,0,1,0,1,0,Technology,
North America,Construction,United States,Lennar,0,0,0,0,0,0,1,1,0,0,0,0,0,0,0,0,1,0,1,0,Construction,
North America,Aerospace & Defense,United States,Lockheed Martin,0.8,1,0.7,1,0,0,0,0,0,0,0.7,1,0,0,0.7,1,1,0,1,0,Manufacturing,
North America,Retailing,United States,Lowe's,0,0,0.8,1,0,0,0,0,0.9,1,0.7,1,0.9,1,0.8,1,1,0,0,0,Retail & Trading,
North America,Banking,United States,M&T Bank,0,0,0,0,0,0,0,0,0,0,0,0,0,0,0,0,0,0,0,0,Financial,
North America,Oil & Gas Operations,United States,Marathon Petroleum,0,0,0,0,0,0,0,0,0,0,0,0,0,0,0,0,0,0,0,0,Energy & Utilities,
North America,"Hotels, Restaurants & Leisure",United States,Marriott International,0,0,0,0,0,0,0,0,0,0,0,0,0,0,0,0,0,0,0,0,Hospitality,
North America,Insurance,United States,Marsh & McLennan,0,0,0.9,1,0.9,1,0,0,0.6,1,0,0,0,0,0,0,0,0,0,0,Financial,
North America,Banking and Finance,United States,Mastercard,0.8,1,0.9,1,0.9,1,0,0,0.9,1,0.9,1,0.9,1,0.9,1,,0.8,0,1,Financial,
North America,"Hotels, Restaurants & Leisure",United States,McDonald's,0,0,0,0,0.8,1,0,0,0,0,0.8,1,0.8,1,0,0,1,0,1,0,Hospitality,
North America,Health Care Equipment & Services,United States,McKesson,0,0,0,0,0,0,0,0,0,0,0,0,0,0,0,0,1,0,1,0,Pharma + Healthcare,
North America,Drugs & Biotechnology,United States,Merck & Co.,0,0,0.7,1,0,0,1,1,0,0,0,0,0,0,0,0,1,0,1,0,Pharma + Healthcare,
North America,IT Software & Services,United States,Meta Platforms,0,0,0,0,0,0,0,0,0,0,0,0,0,0,0,0,1,0,0,0,Technology,
North America,Insurance,United States,MetLife,0,0,0,0,0,0,1,1,0,0,0,0,0,0,0,0,0,0,1,0,Financial,
North America,Semiconductors,United States,Micron Technology,0,0,0.9,1,0,0,0,0,0,0,0.8,1,0.7,1,0.7,1,,0.95,1,1,Technology,
North America,Software & Services,United States,Microsoft,0,0,0.9,1,0.9,1,0,0,0,0,0.8,1,0,0,0.8,1,1,0,1,0,Technology,
North America,Drugs & Biotechnology,United States,Moderna,0,0,0,0,0.9,1,0,0,0,0,0,0,0,0,0,0,0,0,0,0,Pharma + Healthcare,
North America,"Food, Drink & Tobacco",United States,Mondelez International,0,0,0.6,1,0.9,1,0,0,0.8,1,0.6,1,0,0,0,0,1,0,1,0,Retail & Trading,
North America,Banking and Finance,United States,Morgan Stanley,0.9,1,0.9,1,0.95,1,0,0,0.8,1,0.9,1,0.9,1,0.7,1,,0.9,1,1,Financial,
North America,Media,United States,Netflix,0,0,0,0,0,0,0,0,0,0,0,0,0,0,0,0,0,0,0,0,Media,
North America,Utilities,United States,NextEra Energy,0,0,0,0,0.7,1,0,0,0.9,1,0,0,0,0,0,0,0,0,0,0,Energy & Utilities,
North America,Household & Personal Products,United States,Nike,0,0,0,0,0,0,0,0,0,0,0,0,0,0,0,0,0,0,0,0,Retail & Trading,
North America,Transportation,United States,Norfolk Southern,0,0,0,0,0,0,0,0,0,0,0,0,0,0,0,0,0,0,0,0,Transportation,
North America,Aerospace & Defense,United States,Northrop Grumman,1,1,0.7,1,0.9,1,1,1,0.6,1,0.9,1,0,0,0.8,1,0,0,0,0,Manufacturing,
North America,Materials,United States,Nucor,0.9,1,0,0,0,0,0,0,0,0,0,0,0,0,0,0,0,0,0,0,Manufacturing,
North America,Semiconductors,United States,NVIDIA,0,0,0.9,1,0.9,1,0,0,0.8,1,0.8,1,0.9,1,0.9,1,,0.9,1,1,Technology,
North America,Oil & Gas Operations,United States,Occidental Petroleum,0,0,0,0,0,0,0,0,0,0,0.4,0,0,0,0,0,1,0,1,0,Energy & Utilities,
North America,IT Software & Services,United States,Oracle,0.95,1,0.9,1,0.9,1,0,0,0.7,1,0.7,1,0.7,1,0.9,1,,0.8,0,1,Technology,
North America,Capital Goods,United States,Paccar,0,0,0,0,0,0,0,0,0.8,1,0,0,0,0,0,0,0,0,0,0,Manufacturing,
North America,Capital Goods,United States,Parker-Hannifin,0,0,0,0,0,0,0,0,0,0,0,0,0,0,0,0,0,0,0,0,Manufacturing,
North America,Banking and Finance,United States,PayPal,0,0,0.9,1,0.8,1,1,1,0,0,0,0,0,0,0,0,1,0,1,0,Financial,
North America,"Food, Drink & Tobacco",United States,PepsiCo,1,1,0.7,1,0.6,1,0,0,0,0,0,0,0,0,0,0,1,0,1,0,Retail & Trading,
North America,Drugs & Biotechnology,United States,Pfizer,1,1,0,0,0.9,1,1,1,0.8,1,0,0,0.9,1,0,0,1,0,1,0,Pharma + Healthcare,
North America,Utilities,United States,PG&E,0,0,0,0,0,0,0,0,0,0,0,0,0.9,1,0,0,0,0,1,0,Energy & Utilities,
North America,"Food, Drink & Tobacco",United States,Philip Morris International,1,1,0.8,1,0.9,1,0,0,0.7,1,0.6,1,0.6,1,0.6,1,1,0,1,0,Retail & Trading,
North America,Oil & Gas Operations,United States,Phillips 66,0,0,0,0,0,0,0,0,0,0,0,0,0,0,0,0,0,0,0,0,Energy & Utilities,
North America,Oil & Gas Operations,United States,Pioneer Natural Resources,0,0,0,0,0,0,0,0,0,0,0,0,0,0,0,0,0,0,0,0,Energy & Utilities,
North America,Banking,United States,PNC Financial Services,0.7,1,0.95,1,0.9,1,0.6,1,0,0,0.95,1,0,0,0.6,1,1,0,0,0,Financial,
North America,Diversified Financials,United States,Principal Financial Group,0,0,0.7,1,0.95,1,0,0,0,0,0.3,0,0.4,0,0.7,1,0,0,0,0,Financial,
North America,Household & Personal Products,United States,Procter & Gamble,0,0,0.7,1,0.9,1,0.9,1,0.8,1,0.8,1,0.9,1,0.8,1,1,0,0,0,Retail & Trading,
North America,Insurance,United States,Progressive,0,0,0,0,0.9,1,0,0,0,0,0,0,0,0,0,0,1,0,1,0,Financial,
North America,Real Estate,United States,Prologis,0,0,0.7,1,0.9,1,0,0,0.8,1,0.7,1,0,0,0.7,1,1,0,1,0,Real Estate,
North America,Insurance,United States,Prudential Financial,0,0,0,0,0,0,0,0,0,0,0,0,0,0,0,0,0,0,1,0,Financial,
North America,Semiconductors,United States,Qualcomm,0,0,0,0,0.9,1,0,0,0,0,0.7,1,0,0,0,0,1,0,1,0,Technology,
North America,Aerospace & Defense,United States,Raytheon Technologies,0,0,0.7,1,0,0,0,0,0,0,0.9,1,0,0,0,0,1,0,1,0,Manufacturing,
North America,Drugs & Biotechnology,United States,Regeneron Pharmaceuticals,0,0,0,0,0,0,0,0,0,0,0,0,0,0,0,0,0,0,1,0,Pharma + Healthcare,
North America,Banking and Finance,United States,S&P Global,0,0,0,0,0,0,0,0,0,0,0,0,0,0,0,0,1,0,1,0,Financial,
North America,IT Software & Services,United States,Salesforce,0,0,0.9,1,1,1,0,0,0.6,1,0.9,1,0.9,1,0.9,1,,0.95,1,1,Technology,
North America,Oil & Gas Operations,United States,Schlumberger,0,0,0,0,0,0,0.95,1,0,0,0,0,0,0,0,0,,0.95,1,1,Energy & Utilities,
North America,Utilities,United States,Sempra,0,0,0.8,1,0,0,0.9,1,0,0,0,0,0.7,1,0,0,1,0,0,0,Energy & Utilities,
North America,Chemicals,United States,Sherwin-Williams,0,0,0.6,1,0.9,1,0,0,0,0,0.7,1,0,0,0,0,,0.6,0,1,Manufacturing,
North America,Utilities,United States,Southern Company,0,0,0,0,0.9,1,0.9,1,0.7,1,0,0,0,0,0.8,1,,0.6,1,1,Energy & Utilities,
North America,"Hotels, Restaurants & Leisure",United States,Starbucks,0.8,1,0,0,0,0,0,0,0,0,0,0,0,0,0,0,,0.6,1,1,Hospitality,
North America,Diversified Financials,United States,State Street,0,0,0,0,0,0,0,0,0,0,0,0,0,0,0,0,1,0,0,0,Financial,
North America,Health Care Equipment & Services,United States,Stryker,0,0,0,0,0,0,0,0,0,0,0,0,0,0,0,0,1,0,0,0,Pharma + Healthcare,
North America,Transportation,United States,Sysco,0,0,0,0,0,0,0,0,0,0,0,0,0,0,0,0,0,0,0,0,Transportation,
North America,Retailing,United States,Target,0,0,0.7,1,0.9,1,0,0,0.7,1,0.8,1,0.9,1,0.9,1,1,0,0,0,Retail & Trading,
North America,Consumer Durables,United States,Tesla,0,0,0,0,0,0,0,0,0,0,0,0,0,0,0,0,0,0,0,0,Manufacturing,
North America,Semiconductors,United States,Texas Instruments,0,0,0,0,0.8,1,0,0,0,0,0,0,0,0,0.7,1,1,0,0,0,Technology,
North America,Retailing,United States,The Home Depot,0,0,0,0,0,0,0,0,0,0,0,0,0,0,0,0,1,0,1,0,Retail & Trading,
North America,Health Care Equipment & Services,United States,Thermo Fisher Scientific,0.95,1,0,0,0,0,0,0,0,0,0,0,0,0,0,0,0,0,0,0,Pharma + Healthcare,
North America,Retailing,United States,TJX Cos,0,0,0,0,0,0,0,0,0,0,0,0,0,0,0,0,0,0,0,0,Retail & Trading,
North America,Insurance,United States,Travelers,0,0,0.7,1,0.8,1,0,0,0,0,0.6,1,0,0,0,0,0,0,1,0,Financial,
North America,Banking,United States,Truist Financial,0.95,1,0.95,1,0.9,1,0.8,1,0,0,0.85,1,0.8,1,0.6,1,,0.9,1,1,Financial,
North America,"Food, Drink & Tobacco",United States,Tyson Foods,0,0,0,0,0.9,1,0,0,0.8,1,0.7,1,0.9,1,0.7,1,1,0,1,0,Retail & Trading,
North America,Transportation,United States,Union Pacific,0,0,0,0,0,0,0,0,0,0,0,0,0,0,0,0,0,0,0,0,Transportation,
North America,Transportation,United States,United Airlines Holdings,0,0,0,0,0,0,0,0,0,0,0,0,0,0,0.8,1,,0.95,1,1,Transportation,
North America,Transportation,United States,United Parcel Service,0,0,0,0,0,0,0,0,0,0,0.7,1,0.8,1,0,0,1,0,1,0,Transportation,
North America,Insurance,United States,UnitedHealth Group,0,0,0.6,1,0,0,0,0,0,0,0,0,0,0,0,0,1,0,1,0,Financial,
North America,Banking,United States,US Bancorp,0,0,0.9,1,0.9,1,0,0,0,0,0.8,1,0.9,1,0.9,1,0,0,0,0,Financial,
North America,Oil & Gas Operations,United States,Valero Energy,0,0,0,0,0,0,0,0,0,0,0,0,0,0,0,0,0,0,0,0,Energy & Utilities,
North America,Telecommunications Services,United States,Verizon Communications,0.9,1,0.9,1,0.95,1,0.9,1,0.9,1,0.9,1,0.9,1,0.9,1,,0.8,1,1,Technology,
North America,Banking and Finance,United States,Visa,0,0,0.9,1,0.95,1,0,0,0,0,1,1,1,1,0.6,1,,0.8,1,1,Financial,
North America,Retailing,United States,Walmart,0,0,0.7,1,0.9,1,0,0,0,0,0.6,1,0.95,1,0.9,1,1,0,1,0,Retail & Trading,
North America,Travel/Entertainment,United States,Walt Disney,0,0,0,0,1,1,0,0,0.6,1,0.8,1,0.9,1,0.7,1,,0.7,1,1,Hospitality,
North America,Banking,United States,Wells Fargo,0,0,0.8,1,0.9,1,0,0,0,0,0.8,1,0,0,0,0,1,0,1,0,Financial,
North America,Oil & Gas Operations,United States,Williams,0,0,0.6,1,0.9,1,0,0,0.9,1,0.7,1,0.8,1,0.5,0,0,0,1,0,Energy & Utilities,
North America,Utilities,United States,WM,0,0,0,0,0,0,0,0,0,0,0,0,0,0,0,0,1,0,0,0,Energy & Utilities,
North America,Utilities,United States,Xcel Energy,0,0,0,0,0,0,0,0,0,0,0,0,0,0,0,0,0,0,0,0,Energy & Utilities,